{"r":1,"g":0.2549019607843137,"b":0.8117647058823529,"vibro":0}